major	minor	proportion
0	0	0.000414128501763
1	0	0.0781627512223
1	1	0.488453235766
2	0	0.0772672978095
2	1	0.146093058978
3	1	0.0201743152582
2	2	0.105122674432
3	0	0.0183495672623
3	2	0.0181755888489
3	3	0.00400506225012
4	0	0.00849990468301
4	2	0.0101189985347
4	3	0.00198532730898
4	4	0.00123843819421
4	1	0.00655658019767
